{
	"credit": "Made with Blockbench",
	"textures": {
		"particle": "block/candle",
		"all": "block/candle"
	},
	"elements": [
		{
			"from": [7.5, 6, 8],
			"to": [8.5, 7, 8],
			"rotation": {"angle": 45, "axis": "y", "origin": [8, 6, 8]},
			"faces": {
				"north": {"uv": [0, 0.5, 0.5, 1], "texture": "#all"},
				"south": {"uv": [0, 0.5, 0.5, 1], "texture": "#all"}
			}
		},
		{
			"from": [7.5, 6, 8],
			"to": [8.5, 7, 8],
			"rotation": {"angle": -45, "axis": "y", "origin": [8, 6, 8]},
			"faces": {
				"north": {"uv": [0, 0.5, 0.5, 1], "texture": "#all"},
				"south": {"uv": [0, 0.5, 0.5, 1], "texture": "#all"}
			}
		},
		{
			"from": [7, 0, 7],
			"to": [9, 6, 9],
			"faces": {
				"north": {"uv": [6, 7, 7, 10], "texture": "#all"},
				"east": {"uv": [6, 7, 7, 10], "texture": "#all"},
				"south": {"uv": [6, 7, 7, 10], "texture": "#all"},
				"west": {"uv": [6, 7, 7, 10], "texture": "#all"},
				"up": {"uv": [6, 6, 7, 7], "texture": "#all"},
				"down": {"uv": [6, 10, 7, 11], "texture": "#all", "cullface": "down"}
			}
		}
	],
	"gui_light": "front",
	"display": {
		"thirdperson_righthand": {
			"translation": [0, 5.75, 0],
			"scale": [0.75, 0.75, 0.75]
		},
		"thirdperson_lefthand": {
			"translation": [0, 5.75, 0],
			"scale": [0.75, 0.75, 0.75]
		},
		"firstperson_righthand": {
			"rotation": [-21, 26, 0],
			"translation": [0, 7.5, 0]
		},
		"firstperson_lefthand": {
			"rotation": [-12, 26, 0],
			"translation": [0, 7.5, 0]
		},
		"ground": {
			"translation": [0, 5, 0]
		},
		"gui": {
			"rotation": [38, 59, 0],
			"translation": [0, 8.75, 0],
			"scale": [2.5, 2.3, 2.5]
		},
		"fixed": {
			"translation": [0, 8.25, 0],
			"scale": [2, 2, 2]
		}
	}
}