{
	"credit": "Made with Blockbench",
	"textures": {
		"bottom": "block/cake_bottom",
		"top": "block/cake_top",
		"particle": "block/cake_side",
		"side": "block/cake_side",
		"candle": "block/candle"
	},
	"elements": [
		{
			"from": [1, 0, 1],
			"to": [15, 8, 15],
			"faces": {
				"north": {"uv": [1, 8, 15, 16], "texture": "#side"},
				"east": {"uv": [1, 8, 15, 16], "texture": "#side"},
				"south": {"uv": [1, 8, 15, 16], "texture": "#side"},
				"west": {"uv": [1, 8, 15, 16], "texture": "#side"},
				"up": {"uv": [1, 1, 15, 15], "texture": "#top"},
				"down": {"uv": [1, 1, 15, 15], "texture": "#bottom", "cullface": "down"}
			}
		},
		{
			"from": [7, 8, 7],
			"to": [9, 14, 9],
			"faces": {
				"north": {"uv": [10, 7, 11, 10], "texture": "#candle"},
				"east": {"uv": [10, 7, 11, 10], "texture": "#candle"},
				"south": {"uv": [10, 7, 11, 10], "texture": "#candle"},
				"west": {"uv": [10, 7, 11, 10], "texture": "#candle"},
				"up": {"uv": [10, 6, 11, 7], "texture": "#candle"},
				"down": {"uv": [10, 10, 11, 11], "texture": "#candle", "cullface": "down"}
			}
		},
		{
			"from": [7.5, 14, 8],
			"to": [8.5, 15, 8],
			"rotation": {"angle": -45, "axis": "y", "origin": [8, 14, 8]},
			"faces": {
				"north": {"uv": [0, 0.5, 0.5, 1], "texture": "#candle"},
				"south": {"uv": [0, 0.5, 0.5, 1], "texture": "#candle"}
			}
		},
		{
			"from": [7.5, 14, 8],
			"to": [8.5, 15, 8],
			"rotation": {"angle": 45, "axis": "y", "origin": [8, 14, 8]},
			"faces": {
				"north": {"uv": [0, 0.5, 0.5, 1], "texture": "#candle"},
				"south": {"uv": [0, 0.5, 0.5, 1], "texture": "#candle"}
			}
		}
	]
}